CategoryName,sum_category,
Seafood,22,18.96551724
Confections,21,18.10344828
Beverages,20,17.24137931
Dairy Products,19,16.37931034
Meat/Poultry,13,11.20689655
Grains/Cereals,11,9.482758621
Condiments,5,4.310344828
Produce,5,4.310344828
